id,firstName,lastName,yearOfBirth,clubId,no,value,salary,skill,goalkeeping,defensive,playmaking,shooting,condition,leadership,pos,matches,goals
1,Zdzisław,Sęk,1991,1,1,530000,5300,53,12,87,63,51,31,53,0,0,0
2,Jan,Marek,1983,1,2,290000,2900,29,13,21,25,59,66,83,0,0,0
3,Czesław,Mazurek,1987,1,3,320000,3200,32,36,63,31,1,78,69,0,0,0
4,Jacek,Stasiak,1990,1,4,210000,2100,21,8,10,39,27,50,43,0,0,0
5,Emil,Wrona,1984,1,5,250000,2500,25,24,24,38,15,67,41,0,0,0
6,Cyprian,Pietrzyk,1988,1,6,690000,6900,69,34,56,98,89,87,79,0,0,0
7,Cyprian,Olszewski,1982,1,7,380000,3800,38,40,12,6,97,35,42,0,0,0
8,Radosław,Kolasiński,1987,1,8,630000,6300,63,80,86,87,2,50,69,0,0,0
9,Mariusz,Wojtczak,1985,1,9,100000,1000,10,6,21,1,13,80,38,0,0,0
10,Czesław,Budziński,1984,1,10,370000,3700,37,64,18,13,56,35,72,0,0,0
11,Bartłomiej,Szydłowski,1994,1,11,190000,1900,19,19,27,15,17,52,44,0,0,0
12,Paweł,Kłosowski,1993,1,12,370000,3700,37,60,32,23,33,44,31,0,0,0
13,Kajetan,Cieślik,1987,1,13,390000,3900,39,12,28,28,91,77,89,0,0,0
14,Wojciech,Czarnota,1983,1,14,370000,3700,37,32,24,76,17,84,58,0,0,0
15,Ryszard,Kujawa,1991,1,15,660000,6600,66,18,89,82,75,53,58,0,0,0
16,Franciszek,Młynarczyk,1993,1,16,340000,3400,34,3,32,93,11,33,88,0,0,0
17,Eugeniusz,Żak,1989,2,1,360000,3600,36,56,27,47,16,42,45,0,0,0
18,Andrzej,Kowalski,1982,2,2,400000,4000,40,5,43,40,74,60,77,0,0,0
19,Franciszek,Kaliński,1983,2,3,660000,6600,66,59,36,88,81,64,42,0,0,0
20,Dariusz,Witkowski,1993,2,4,350000,3500,35,26,21,18,78,82,85,0,0,0
21,Tomasz,Grzelak,1983,2,5,370000,3700,37,21,3,68,57,72,88,0,0,0
22,Franciszek,Januszewski,1982,2,6,400000,4000,40,37,29,80,15,76,74,0,0,0
23,Przemysław,Raczyński,1990,2,7,590000,5900,59,69,75,69,26,85,46,0,0,0
24,Jakub,Sochacki,1983,2,8,560000,5600,56,95,26,56,48,80,45,0,0,0
25,Maciej,Czuba,1985,2,9,530000,5300,53,54,2,66,91,58,47,0,0,0
26,Antoni,Szopa,1990,2,10,250000,2500,25,1,12,44,44,32,40,0,0,0
27,Eugeniusz,Frątczak,1988,2,11,480000,4800,48,50,95,9,41,38,84,0,0,0
28,Rafał,Kolasiński,1980,2,12,610000,6100,61,59,89,44,55,62,67,0,0,0
29,Jakub,Gawlik,1991,2,13,600000,6000,60,96,78,29,40,41,34,0,0,0
30,Marek,Król,1991,2,14,470000,4700,47,75,52,22,39,41,68,0,0,0
31,Przemysław,Cholewa,1983,2,15,490000,4900,49,22,14,88,74,38,35,0,0,0
32,Emil,Kwiatek,1996,2,16,500000,5000,50,20,46,56,81,30,79,0,0,0
33,Józef,Kaleta,1987,2,17,270000,2700,27,22,10,76,1,76,72,0,0,0
34,Dawid,Antoniak,1994,2,18,620000,6200,62,81,20,70,80,77,56,0,0,0
35,Jan,Gaweł,1981,2,19,460000,4600,46,81,22,65,19,38,72,0,0,0
36,Bartosz,Krawczyk,1996,2,20,490000,4900,49,12,94,52,40,84,81,0,0,0
37,Dawid,Masłowski,1980,3,1,290000,2900,29,42,21,36,18,60,37,0,0,0
38,Dawid,Kruszewski,1984,3,2,360000,3600,36,26,40,67,12,51,77,0,0,0
39,Piotr,Piotrowski,1981,3,3,440000,4400,44,76,3,95,5,83,50,0,0,0
40,Paweł,Czajkowski,1981,3,4,470000,4700,47,34,42,30,83,64,44,0,0,0
41,Jakub,Baran,1996,3,5,640000,6400,64,71,63,71,53,87,72,0,0,0
42,Jan,Szymczak,1980,3,6,650000,6500,65,30,99,59,72,68,43,0,0,0
43,Przemysław,Kulig,1988,3,7,190000,1900,19,6,38,33,2,56,53,0,0,0
44,Aleksander,Urbaniak,1980,3,8,660000,6600,66,98,42,82,43,71,49,0,0,0
45,Roman,Barański,1980,3,9,240000,2400,24,40,23,8,25,66,31,0,0,0
46,Ferdynand,Krawczyk,1982,3,10,480000,4800,48,49,62,76,7,34,36,0,0,0
47,Olaf,Kolasiński,1991,3,11,470000,4700,47,67,70,19,32,59,33,0,0,0
48,Mikołaj,Kula,1987,3,12,410000,4100,41,21,87,31,26,85,66,0,0,0
49,Czesław,Kita,1983,3,13,580000,5800,58,45,81,77,30,71,31,0,0,0
50,Emil,Micewicz,1984,3,14,550000,5500,55,26,91,34,71,73,48,0,0,0
51,Michał,Czapliński,1985,3,15,420000,4200,42,85,8,74,2,63,38,0,0,0
52,Łukasz,Cieśla,1989,3,16,470000,4700,47,82,23,69,15,82,72,0,0,0
53,Szymon,Gut,1989,3,17,360000,3600,36,88,37,2,17,33,85,0,0,0
54,Radosław,Krakowski,1989,4,1,190000,1900,19,10,49,16,1,65,77,0,0,0
55,Eugeniusz,Kaliński,1984,4,2,450000,4500,45,49,43,25,63,73,64,0,0,0
56,Janusz,Kruk,1985,4,3,340000,3400,34,59,11,4,62,80,57,0,0,0
57,Piotr,Sokół,1992,4,4,450000,4500,45,32,69,1,81,44,38,0,0,0
58,Łukasz,Lech,1990,4,5,690000,6900,69,41,82,64,89,81,63,0,0,0
59,Jacek,Kołodziejczyk,1994,4,6,410000,4100,41,32,25,65,43,72,67,0,0,0
60,Maciej,Fijałkowski,1985,4,7,580000,5800,58,51,47,66,69,45,77,0,0,0
61,Aleksander,Zabłocki,1990,4,8,310000,3100,31,29,68,19,11,32,43,0,0,0
62,Wojciech,Białkowski,1990,4,9,520000,5200,52,69,69,25,48,42,57,0,0,0
63,Marian,Krakowiak,1989,4,10,580000,5800,58,11,89,97,38,42,33,0,0,0
64,Sebastian,Borowski,1980,4,11,770000,7700,77,96,71,56,85,81,83,0,0,0
65,Waldemar,Ćwik,1991,4,12,370000,3700,37,64,21,21,42,58,69,0,0,0
66,Adrian,Warzecha,1988,4,13,150000,1500,15,8,4,28,21,33,80,0,0,0
67,Dominik,Wojda,1981,4,14,540000,5400,54,66,91,47,12,47,87,0,0,0
68,Dariusz,Żukowski,1985,4,15,510000,5100,51,6,83,83,35,64,33,0,0,0
69,Przemysław,Zygmunt,1983,4,16,430000,4300,43,33,68,42,32,51,48,0,0,0
70,Krzysztof,Salamon,1980,4,17,710000,7100,71,74,75,65,72,66,85,0,0,0
71,Ryszard,Grzelak,1983,5,1,480000,4800,48,23,52,92,25,41,58,0,0,0
72,Filip,Wrzesiński,1981,5,2,510000,5100,51,66,73,46,21,57,34,0,0,0
73,Marek,Wesołowski,1984,5,3,430000,4300,43,66,34,55,17,62,62,0,0,0
74,Waldemar,Lange,1984,5,4,540000,5400,54,68,34,24,91,61,49,0,0,0
75,Stanisław,Makacewicz,1987,5,5,450000,4500,45,30,9,49,94,89,53,0,0,0
76,Dawid,Wachowiak,1980,5,6,500000,5000,50,59,53,31,58,35,71,0,0,0
77,Michał,Drozdowski,1995,5,7,520000,5200,52,67,6,97,38,50,72,0,0,0
78,Dawid,Pakuła,1990,5,8,480000,4800,48,84,75,20,15,52,85,0,0,0
79,Maciej,Kalisz,1994,5,9,490000,4900,49,76,71,35,16,86,68,0,0,0
80,Kamil,Kaczmarski,1996,5,10,450000,4500,45,93,11,24,55,44,51,0,0,0
81,Ireneusz,Dubiel,1987,5,11,720000,7200,72,49,91,74,77,72,51,0,0,0
82,Rafał,Kopczyński,1982,5,12,450000,4500,45,82,44,16,38,88,76,0,0,0
83,Stefan,Warchoł,1987,5,13,380000,3800,38,56,52,13,33,81,31,0,0,0
84,Przemysław,Jasiński,1989,5,14,500000,5000,50,39,29,51,83,74,42,0,0,0
85,Janusz,Cieślik,1987,5,15,510000,5100,51,10,98,1,98,52,62,0,0,0
86,Kacper,Ptak,1994,5,16,480000,4800,48,79,56,13,47,71,50,0,0,0
87,Wiesław,Szewczyk,1990,5,17,310000,3100,31,34,17,5,71,30,54,0,0,0
88,Sebastian,Komorowski,1981,5,18,820000,8200,82,64,98,71,95,85,81,0,0,0
89,Grzegorz,Sęk,1995,5,19,430000,4300,43,44,57,15,58,80,40,0,0,0
90,Bogdan,Zabłocki,1992,6,1,520000,5200,52,40,92,59,18,84,83,0,0,0
91,Krzysztof,Ciszewski,1996,6,2,580000,5800,58,37,38,97,60,39,89,0,0,0
92,Jan,Szopa,1992,6,3,480000,4800,48,17,84,64,27,37,86,0,0,0
93,Ireneusz,Lenart,1984,6,4,610000,6100,61,50,76,33,87,64,32,0,0,0
94,Michał,Krajewski,1987,6,5,460000,4600,46,51,47,7,82,53,77,0,0,0
95,Waldemar,Zarzycki,1986,6,6,580000,5800,58,95,83,41,15,38,89,0,0,0
96,Janusz,Zakrzewski,1982,6,7,420000,4200,42,10,14,80,65,75,55,0,0,0
97,Marcin,Biernat,1986,6,8,710000,7100,71,63,49,80,92,85,74,0,0,0
98,Karol,Wojciechowski,1986,6,9,570000,5700,57,64,35,45,84,51,38,0,0,0
99,Krzysztof,Kulesza,1991,6,10,540000,5400,54,86,35,63,34,55,66,0,0,0
100,Wiesław,Milczarek,1984,6,11,710000,7100,71,66,85,71,64,42,49,0,0,0
101,Jan,Jakubowski,1988,6,12,540000,5400,54,56,3,90,67,67,41,0,0,0
102,Marcin,Stanek,1990,6,13,580000,5800,58,67,25,76,66,34,47,0,0,0
103,Rafał,Sęk,1992,6,14,320000,3200,32,72,29,7,21,89,51,0,0,0
104,Jan,Ślusarczyk,1981,6,15,230000,2300,23,66,1,15,13,53,35,0,0,0
105,Mateusz,Adamiec,1987,6,16,520000,5200,52,74,19,73,43,73,67,0,0,0
106,Zdzisław,Grzesiak,1985,6,17,670000,6700,67,52,99,77,42,81,57,0,0,0
107,Marek,Rojek,1996,6,18,340000,3400,34,41,36,4,56,43,74,0,0,0
108,Bartłomiej,Wolak,1993,6,19,630000,6300,63,47,55,85,68,30,34,0,0,0
109,Sylwester,Barszcz,1989,7,1,560000,5600,56,97,30,55,45,43,74,0,0,0
110,Albert,Winiarski,1994,7,2,350000,3500,35,31,25,15,70,60,70,0,0,0
111,Arkadiusz,Graczyk,1991,7,3,630000,6300,63,40,19,97,98,48,77,0,0,0
112,Ryszard,Łoś,1991,7,4,740000,7400,74,47,84,98,70,63,79,0,0,0
113,Tadeusz,Pałka,1987,7,5,450000,4500,45,44,96,14,29,61,47,0,0,0
114,Szymon,Stawicki,1991,7,6,410000,4100,41,66,77,5,17,65,76,0,0,0
115,Jacek,Kulesza,1994,7,7,830000,8300,83,59,99,98,76,68,73,0,0,0
116,Aleksander,Mazurkiewicz,1981,7,8,620000,6200,62,89,60,69,31,78,81,0,0,0
117,Erwin,Pawlik,1984,7,9,490000,4900,49,52,12,66,68,36,59,0,0,0
118,Arkadiusz,Drabik,1992,7,10,360000,3600,36,66,30,26,22,46,35,0,0,0
119,Zdzisław,Jarosz,1990,7,11,460000,4600,46,43,68,33,41,44,88,0,0,0
120,Daniel,Zarębski,1983,7,12,370000,3700,37,1,35,96,19,84,86,0,0,0
121,Józef,Warchoł,1985,7,13,620000,6200,62,19,91,89,49,70,58,0,0,0
122,Zdzisław,Konieczna,1984,7,14,600000,6000,60,82,68,32,60,49,60,0,0,0
123,Dariusz,Szarek,1996,7,15,650000,6500,65,95,11,87,69,58,37,0,0,0
124,Eryk,Buczek,1993,7,16,480000,4800,48,76,47,40,32,73,52,0,0,0
125,Piotr,Sokół,1986,7,17,630000,6300,63,75,93,1,85,55,81,0,0,0
126,Olaf,Kołakowski,1985,7,18,440000,4400,44,89,40,2,45,87,34,0,0,0
127,Wojciech,Malec,1993,7,19,540000,5400,54,47,50,44,76,42,64,0,0,0
128,Mateusz,Głowacki,1995,7,20,810000,8100,81,86,51,94,95,81,62,0,0,0
129,Błażej,Kusiak,1995,8,1,440000,4400,44,96,11,68,3,88,35,0,0,0
130,Stanisław,Konieczna,1991,8,2,480000,4800,48,80,32,51,32,51,42,0,0,0
131,Krzysztof,Jakubiak,1985,8,3,760000,7600,76,93,99,72,43,41,42,0,0,0
132,Władysław,Szostak,1994,8,4,580000,5800,58,35,94,55,48,48,59,0,0,0
133,Cyprian,Żurek,1987,8,5,360000,3600,36,13,45,52,35,85,79,0,0,0
134,Tomasz,Szyszka,1995,8,6,460000,4600,46,40,54,15,75,52,64,0,0,0
135,Dominik,Frankiewicz,1988,8,7,520000,5200,52,17,54,91,47,34,37,0,0,0
136,Dariusz,Lech,1987,8,8,370000,3700,37,14,33,99,3,38,51,0,0,0
137,Rafał,Kruszewski,1994,8,9,580000,5800,58,77,58,7,90,61,49,0,0,0
138,Euzebiusz,Marcinkowski,1985,8,10,710000,7100,71,72,60,56,96,43,37,0,0,0
139,Adam,Adamek,1987,8,11,480000,4800,48,51,65,37,39,38,56,0,0,0
140,Ignacy,Sikorski,1989,8,12,610000,6100,61,90,38,39,78,88,86,0,0,0
141,Piotr,Kurek,1990,8,13,320000,3200,32,41,27,2,60,40,62,0,0,0
142,Ryszard,Lewandowski,1995,8,14,500000,5000,50,88,17,10,88,30,38,0,0,0
143,Tomasz,Iwanowski,1993,8,15,480000,4800,48,47,39,45,63,61,76,0,0,0
144,Rafał,Korczak,1982,8,16,770000,7700,77,92,93,63,62,43,75,0,0,0
145,Kajetan,Nawrocki,1992,8,17,660000,6600,66,45,91,48,82,64,68,0,0,0
146,Krystian,Lisiecki,1990,8,18,270000,2700,27,45,3,37,25,83,72,0,0,0
147,Cezary,Janczak,1981,9,1,480000,4800,48,17,77,75,25,79,76,0,0,0
148,Hubert,Twardowski,1989,9,2,450000,4500,45,26,27,95,33,52,54,0,0,0
149,Ireneusz,Kubicki,1986,9,3,630000,6300,63,30,64,81,80,34,31,0,0,0
150,Cyprian,Kalisz,1986,9,4,610000,6100,61,80,67,5,92,57,86,0,0,0
151,Mikołaj,Karczewski,1994,9,5,490000,4900,49,97,21,10,71,56,70,0,0,0
152,Arkadiusz,Jarząbek,1984,9,6,590000,5900,59,64,12,65,95,80,56,0,0,0
153,Grzegorz,Szymaniak,1990,9,7,510000,5100,51,27,36,70,74,33,59,0,0,0
154,Ireneusz,Miller,1983,9,8,410000,4100,41,50,34,80,2,68,32,0,0,0
155,Łukasz,Królikowski,1984,9,9,290000,2900,29,26,59,20,14,72,76,0,0,0
156,Rafał,Marchewka,1983,9,10,750000,7500,75,72,84,83,61,64,66,0,0,0
157,Euzebiusz,Kowalczyk,1996,9,11,280000,2800,28,13,24,15,60,47,81,0,0,0
158,Janusz,Mroczek,1996,9,12,530000,5300,53,43,62,47,61,51,54,0,0,0
159,Damian,Buczek,1984,9,13,530000,5300,53,44,14,65,91,87,61,0,0,0
160,Eryk,Polański,1992,9,14,560000,5600,56,39,89,76,21,72,44,0,0,0
161,Antoni,Kulesza,1983,9,15,340000,3400,34,10,66,29,34,70,37,0,0,0
162,Ryszard,Kaszuba,1995,9,16,440000,4400,44,74,11,48,43,54,59,0,0,0
163,Franciszek,Szymczyk,1984,9,17,360000,3600,36,33,21,28,62,49,66,0,0,0
164,Błażej,Bobrowski,1991,10,1,390000,3900,39,20,23,91,23,63,84,0,0,0
165,Daniel,Cebula,1987,10,2,510000,5100,51,97,11,46,53,35,66,0,0,0
166,Marcin,Marciniak,1989,10,3,490000,4900,49,25,95,48,28,82,80,0,0,0
167,Zbigniew,Rudziński,1984,10,4,600000,6000,60,91,48,33,68,42,66,0,0,0
168,Jacek,Olejniczak,1981,10,5,410000,4100,41,1,51,56,58,43,48,0,0,0
169,Andrzej,Kisiel,1992,10,6,590000,5900,59,81,79,12,67,30,77,0,0,0
170,Albert,Tomasik,1981,10,7,390000,3900,39,22,92,36,7,45,79,0,0,0
171,Mariusz,Jastrzębski,1990,10,8,540000,5400,54,11,30,90,85,36,58,0,0,0
172,Kacper,Nowaczyk,1980,10,9,400000,4000,40,3,67,73,17,43,60,0,0,0
173,Arkadiusz,Dróżdż,1995,10,10,350000,3500,35,14,24,48,54,68,49,0,0,0
174,Kacper,Gajda,1991,10,11,660000,6600,66,75,93,25,74,85,85,0,0,0
175,Norbert,Woźnica,1981,10,12,780000,7800,78,86,95,69,64,40,53,0,0,0
176,Przemysław,Andrzejczak,1983,10,13,490000,4900,49,38,6,69,85,88,35,0,0,0
177,Szymon,Łukasiewicz,1981,10,14,480000,4800,48,14,56,65,58,51,83,0,0,0
178,Radosław,Rybicki,1991,10,15,650000,6500,65,78,28,74,81,57,46,0,0,0
179,Jakub,Goliński,1983,10,16,220000,2200,22,24,50,7,9,77,67,0,0,0
180,Artur,Cygan,1982,10,17,500000,5000,50,1,89,96,15,81,55,0,0,0
181,Sylwester,Mazurkiewicz,1986,11,1,520000,5200,52,42,28,60,79,82,56,0,0,0
182,Patryk,Zagórski,1992,11,2,510000,5100,51,47,56,59,42,55,74,0,0,0
183,Tadeusz,Paluch,1980,11,3,460000,4600,46,99,6,77,2,58,44,0,0,0
184,Przemysław,Skalski,1994,11,4,520000,5200,52,71,63,42,32,87,84,0,0,0
185,Tadeusz,Andrzejczuk,1996,11,5,570000,5700,57,60,44,62,63,52,79,0,0,0
186,Tomasz,Osiński,1989,11,6,450000,4500,45,55,58,47,22,45,43,0,0,0
187,Ireneusz,Szymczyk,1988,11,7,540000,5400,54,62,40,80,37,32,36,0,0,0
188,Łukasz,Adamczewski,1985,11,8,440000,4400,44,31,16,60,69,62,54,0,0,0
189,Roman,Janik,1983,11,9,590000,5900,59,39,37,68,95,37,80,0,0,0
190,Michał,Frankiewicz,1983,11,10,360000,3600,36,37,50,38,20,84,35,0,0,0
191,Igor,Hoffmann,1990,11,11,320000,3200,32,15,24,40,52,32,52,0,0,0
192,Józef,Motyka,1988,11,12,480000,4800,48,95,86,5,7,54,88,0,0,0
193,Albert,Bagiński,1988,11,13,670000,6700,67,82,66,29,94,71,80,0,0,0
194,Wiktor,Gawroński,1988,11,14,450000,4500,45,95,11,24,51,47,46,0,0,0
195,Roman,Pawłowski,1980,11,15,570000,5700,57,80,86,32,31,58,61,0,0,0
196,Hubert,Romanowski,1985,11,16,230000,2300,23,14,31,10,40,40,83,0,0,0
197,Łukasz,Mika,1990,11,17,400000,4000,40,33,20,55,55,65,79,0,0,0
198,Sylwester,Malec,1988,11,18,500000,5000,50,24,44,58,77,45,75,0,0,0
199,Wiesław,Gołąbek,1982,11,19,410000,4100,41,18,52,20,75,64,88,0,0,0
200,Kamil,Sosnowski,1995,11,20,560000,5600,56,41,55,93,35,85,73,0,0,0
201,Michał,Kusiak,1987,12,1,380000,3800,38,50,25,28,49,56,86,0,0,0
202,Andrzej,Czyż,1984,12,2,370000,3700,37,75,36,5,34,58,86,0,0,0
203,Paweł,Kozak,1980,12,3,540000,5400,54,41,57,62,57,31,77,0,0,0
204,Wiesław,Kujawa,1996,12,4,690000,6900,69,54,88,52,85,36,77,0,0,0
205,Euzebiusz,Krawczyk,1996,12,5,470000,4700,47,87,69,8,25,71,56,0,0,0
206,Norbert,Sikora,1987,12,6,500000,5000,50,86,8,9,99,67,60,0,0,0
207,Mateusz,Grzybek,1995,12,7,610000,6100,61,83,92,22,49,63,88,0,0,0
208,Zbigniew,Maćkowiak,1984,12,8,540000,5400,54,75,90,26,25,31,32,0,0,0
209,Zbigniew,Szydłowski,1992,12,9,540000,5400,54,97,16,87,19,82,46,0,0,0
210,Grzegorz,Błaszczyk,1986,12,10,430000,4300,43,89,55,27,2,41,80,0,0,0
211,Tomasz,Kuś,1988,12,11,340000,3400,34,75,39,13,10,47,40,0,0,0
212,Czesław,Wnuk,1994,12,12,220000,2200,22,18,61,5,4,31,75,0,0,0
213,Rafał,Przybylski,1981,12,13,410000,4100,41,2,65,5,94,37,59,0,0,0
214,Maciej,Bogdański,1996,12,14,700000,7000,70,98,74,70,41,51,63,0,0,0
215,Konrad,Gil,1987,12,15,760000,7600,76,60,87,87,70,89,86,0,0,0
216,Ireneusz,Dymek,1987,12,16,550000,5500,55,34,85,53,50,44,59,0,0,0
217,Piotr,Tkacz,1994,12,17,530000,5300,53,46,80,26,63,59,42,0,0,0
218,Daniel,Frątczak,1983,13,1,410000,4100,41,16,77,26,48,59,78,0,0,0
219,Eugeniusz,Dziuba,1993,13,2,320000,3200,32,23,32,65,10,62,87,0,0,0
220,Aleksander,Gut,1983,13,3,410000,4100,41,44,49,50,21,69,58,0,0,0
221,Paweł,Borys,1986,13,4,550000,5500,55,21,97,38,65,59,77,0,0,0
222,Przemysław,Gutowski,1986,13,5,530000,5300,53,20,85,37,72,42,33,0,0,0
223,Mikołaj,Majewski,1989,13,6,280000,2800,28,17,37,27,31,65,44,0,0,0
224,Adam,Skowron,1992,13,7,630000,6300,63,69,94,12,79,74,54,0,0,0
225,Igor,Bugaj,1983,13,8,670000,6700,67,44,57,83,86,50,46,0,0,0
226,Krystian,Szopa,1986,13,9,570000,5700,57,85,71,28,44,61,38,0,0,0
227,Waldemar,Michałowski,1992,13,10,390000,3900,39,14,89,39,14,69,73,0,0,0
228,Apoloniusz,Biskup,1985,13,11,430000,4300,43,29,40,11,95,49,36,0,0,0
229,Stefan,Górny,1996,13,12,510000,5100,51,72,31,3,99,75,74,0,0,0
230,Stanisław,Doliński,1980,13,13,520000,5200,52,44,25,42,97,82,40,0,0,0
231,Norbert,Grześkowiak,1983,13,14,530000,5300,53,81,31,91,12,77,46,0,0,0
232,Wojciech,Gwóźdź,1987,13,15,430000,4300,43,30,89,39,17,65,47,0,0,0
233,Czesław,Filipowicz,1984,13,16,410000,4100,41,69,15,15,65,47,59,0,0,0
234,Mateusz,Paluch,1993,13,17,660000,6600,66,89,31,53,92,45,34,0,0,0
235,Waldemar,Bartnik,1995,13,18,470000,4700,47,4,61,51,75,32,59,0,0,0
236,Eugeniusz,Marciniak,1984,13,19,430000,4300,43,67,27,66,14,77,71,0,0,0
237,Wiesław,Adamiec,1981,14,1,160000,1600,16,6,17,2,42,57,39,0,0,0
238,Janusz,Bilski,1996,14,2,550000,5500,55,91,37,64,31,45,63,0,0,0
239,Henryk,Długosz,1989,14,3,610000,6100,61,75,94,11,65,51,75,0,0,0
240,Dominik,Żuchowski,1986,14,4,570000,5700,57,16,76,52,84,30,45,0,0,0
241,Wojciech,Szymczyk,1994,14,5,510000,5100,51,91,62,16,36,47,88,0,0,0
242,Konrad,Kogut,1982,14,6,270000,2700,27,62,36,2,11,76,68,0,0,0
243,Artur,Dusza,1981,14,7,360000,3600,36,1,40,80,25,40,57,0,0,0
244,Rafał,Jeziorski,1985,14,8,310000,3100,31,43,7,37,39,50,53,0,0,0
245,Mikołaj,Kruszyński,1988,14,9,400000,4000,40,43,39,65,13,36,89,0,0,0
246,Łukasz,Olszak,1990,14,10,560000,5600,56,36,5,99,87,74,79,0,0,0
247,Czesław,Wójtowicz,1987,14,11,460000,4600,46,7,66,44,69,64,88,0,0,0
248,Michał,Cichocki,1985,14,12,410000,4100,41,79,23,2,62,55,49,0,0,0
249,Bartosz,Pilarski,1993,14,13,600000,6000,60,41,88,29,82,69,62,0,0,0
250,Sebastian,Kozik,1984,14,14,430000,4300,43,31,56,33,54,42,53,0,0,0
251,Wiktor,Nowaczyk,1993,14,15,570000,5700,57,9,73,81,67,57,30,0,0,0
252,Mikołaj,Solecki,1986,14,16,650000,6500,65,61,74,62,66,74,34,0,0,0
253,Andrzej,Słowiński,1981,14,17,330000,3300,33,17,25,1,89,82,39,0,0,0
254,Paweł,Knap,1989,15,1,470000,4700,47,98,26,3,63,71,78,0,0,0
255,Krystian,Bartnik,1995,15,2,600000,6000,60,97,73,43,29,38,82,0,0,0
256,Bogdan,Gaweł,1991,15,3,580000,5800,58,63,64,81,25,59,55,0,0,0
257,Ferdynand,Sikorski,1986,15,4,610000,6100,61,77,19,86,65,86,34,0,0,0
258,Janusz,Pytel,1989,15,5,550000,5500,55,38,98,5,80,36,72,0,0,0
259,Błażej,Borowiec,1980,15,6,440000,4400,44,64,88,11,14,74,69,0,0,0
260,Józef,Bugaj,1992,15,7,700000,7000,70,73,73,77,60,48,85,0,0,0
261,Jan,Socha,1994,15,8,380000,3800,38,8,32,79,35,80,56,0,0,0
262,Filip,Skrzypek,1983,15,9,520000,5200,52,63,83,54,10,36,54,0,0,0
263,Hubert,Pilch,1994,15,10,380000,3800,38,26,63,44,20,40,81,0,0,0
264,Grzegorz,Roman,1996,15,11,580000,5800,58,77,77,67,12,51,48,0,0,0
265,Sylwester,Biskup,1992,15,12,310000,3100,31,26,29,5,67,78,88,0,0,0
266,Jakub,Szkudlarek,1984,15,13,450000,4500,45,19,63,62,36,43,68,0,0,0
267,Andrzej,Filipczak,1982,15,14,590000,5900,59,41,87,15,93,89,36,0,0,0
268,Jerzy,Michalski,1980,15,15,440000,4400,44,55,52,48,23,44,32,0,0,0
269,Mariusz,Czajka,1986,15,16,680000,6800,68,83,59,83,47,75,49,0,0,0
270,Łukasz,Dusza,1981,15,17,330000,3300,33,35,41,55,3,33,40,0,0,0
271,Cezary,Kucharski,1983,15,18,540000,5400,54,61,32,30,93,41,44,0,0,0
272,Zbigniew,Trojanowski,1985,15,19,670000,6700,67,78,95,40,57,72,35,0,0,0
273,Erwin,Gliński,1990,15,20,550000,5500,55,33,93,12,83,50,79,0,0,0
274,Albert,Czaja,1982,16,1,430000,4300,43,45,52,46,31,34,77,0,0,0
275,Stefan,Bednarczyk,1993,16,2,490000,4900,49,9,90,40,59,59,82,0,0,0
276,Zygmunt,Stachowicz,1983,16,3,650000,6500,65,69,77,70,45,75,80,0,0,0
277,Leszek,Szafrański,1988,16,4,570000,5700,57,8,78,97,47,84,34,0,0,0
278,Arkadiusz,Majchrzak,1986,16,5,710000,7100,71,87,48,88,61,73,69,0,0,0
279,Eugeniusz,Falkowski,1985,16,6,400000,4000,40,20,74,44,24,80,62,0,0,0
280,Marcin,Karpiński,1985,16,7,700000,7000,70,45,99,75,61,74,44,0,0,0
281,Erwin,Słomiński,1984,16,8,440000,4400,44,83,61,1,32,60,88,0,0,0
282,Kacper,Cybulski,1985,16,9,120000,1200,12,33,8,6,4,39,65,0,0,0
283,Karol,Kokot,1981,16,10,570000,5700,57,8,83,94,43,81,63,0,0,0
284,Paweł,Pająk,1988,16,11,560000,5600,56,62,26,74,65,50,86,0,0,0
285,Igor,Kulesza,1989,16,12,470000,4700,47,31,87,24,46,74,73,0,0,0
286,Dariusz,Jakubowski,1984,16,13,420000,4200,42,29,41,84,17,34,51,0,0,0
287,Błażej,Franczak,1995,16,14,480000,4800,48,32,41,75,45,65,81,0,0,0
288,Jan,Tkacz,1994,16,15,520000,5200,52,58,68,73,12,68,71,0,0,0
289,Adrian,Goliński,1988,16,16,440000,4400,44,85,61,10,23,42,64,0,0,0
290,Eugeniusz,Kruszewski,1983,16,17,420000,4200,42,68,45,19,39,60,38,0,0,0
291,Zygmunt,Borkowski,1980,16,18,580000,5800,58,81,86,29,38,30,81,0,0,0
292,Sylwester,Paprocki,1990,17,1,400000,4000,40,53,18,77,15,38,81,0,0,0
293,Sylwester,Janiszewski,1989,17,2,330000,3300,33,84,10,21,18,39,39,0,0,0
294,Marian,Skalski,1987,17,3,400000,4000,40,67,20,17,59,37,63,0,0,0
295,Marian,Gawron,1986,17,4,380000,3800,38,22,48,60,23,51,63,0,0,0
296,Zdzisław,Sikora,1984,17,5,410000,4100,41,46,54,31,33,61,43,0,0,0
297,Krystian,Domagalski,1996,17,6,580000,5800,58,85,63,70,14,74,44,0,0,0
298,Jakub,Filip,1987,17,7,410000,4100,41,43,94,6,21,60,86,0,0,0
299,Kacper,Pasternak,1993,17,8,740000,7400,74,99,61,73,64,41,53,0,0,0
300,Tadeusz,Dzikowski,1983,17,9,510000,5100,51,12,34,66,94,31,87,0,0,0
301,Leszek,Sojka,1989,17,10,450000,4500,45,66,8,74,35,77,40,0,0,0
302,Bartłomiej,Matuszak,1993,17,11,220000,2200,22,22,26,4,38,80,82,0,0,0
303,Jacek,Mielczarek,1989,17,12,300000,3000,30,25,21,44,31,45,63,0,0,0
304,Albert,Kaczorowski,1994,17,13,560000,5600,56,78,48,91,10,67,72,0,0,0
305,Grzegorz,Szafrański,1989,17,14,520000,5200,52,7,64,82,55,61,68,0,0,0
306,Leszek,Pilarski,1995,17,15,550000,5500,55,19,74,50,78,61,57,0,0,0
307,Jacek,Kałuża,1989,17,16,370000,3700,37,14,35,82,19,49,57,0,0,0
308,Filip,Kamiński,1981,18,1,490000,4900,49,89,12,63,33,31,30,0,0,0
309,Ferdynand,Kempa,1995,18,2,720000,7200,72,71,70,68,80,73,64,0,0,0
310,Marian,Szeląg,1989,18,3,680000,6800,68,35,99,95,45,70,47,0,0,0
311,Bartosz,Głogowski,1988,18,4,570000,5700,57,74,88,32,36,43,41,0,0,0
312,Krzysztof,Podgórski,1989,18,5,590000,5900,59,30,85,72,49,58,40,0,0,0
313,Konrad,Reszka,1990,18,6,520000,5200,52,90,34,62,24,62,58,0,0,0
314,Szymon,Ziętek,1985,18,7,340000,3400,34,13,45,45,34,41,77,0,0,0
315,Kamil,Mierzejewski,1988,18,8,470000,4700,47,60,35,48,48,43,32,0,0,0
316,Albert,Karolak,1996,18,9,750000,7500,75,86,85,53,77,85,87,0,0,0
317,Mateusz,Golec,1995,18,10,630000,6300,63,87,50,34,84,58,44,0,0,0
318,Sylwester,Kubica,1984,18,11,660000,6600,66,10,96,66,92,88,83,0,0,0
319,Norbert,Witkowski,1986,18,12,310000,3100,31,16,42,11,57,42,42,0,0,0
320,Kacper,Antoniak,1982,18,13,540000,5400,54,80,35,53,50,70,88,0,0,0
321,Waldemar,Pawlik,1981,18,14,500000,5000,50,14,76,87,25,66,76,0,0,0
322,Roman,Włodarski,1986,18,15,690000,6900,69,33,94,88,63,34,89,0,0,0
323,Maciej,Łoś,1993,18,16,370000,3700,37,77,30,30,13,51,57,0,0,0
324,Artur,Biskup,1981,18,17,570000,5700,57,71,60,29,69,30,48,0,0,0
325,Stanisław,Michalak,1982,19,1,630000,6300,63,49,91,80,33,75,46,0,0,0
326,Sebastian,Drzewiecki,1981,19,2,300000,3000,30,25,17,27,54,83,39,0,0,0
327,Cyprian,Dąbrowski,1986,19,3,390000,3900,39,77,1,40,41,38,63,0,0,0
328,Michał,Bury,1985,19,4,550000,5500,55,10,63,93,57,77,60,0,0,0
329,Ryszard,Cichosz,1990,19,5,500000,5000,50,99,45,53,3,48,41,0,0,0
330,Ignacy,Szymczak,1995,19,6,450000,4500,45,83,17,70,13,61,81,0,0,0
331,Wojciech,Błaszczak,1989,19,7,470000,4700,47,77,8,77,26,68,70,0,0,0
332,Władysław,Rudnicki,1988,19,8,480000,4800,48,14,67,37,76,73,77,0,0,0
333,Krzysztof,Dziuba,1991,19,9,620000,6200,62,82,75,70,21,31,46,0,0,0
334,Mateusz,Szkudlarek,1995,19,10,450000,4500,45,63,97,12,8,66,74,0,0,0
335,Wojciech,Bąk,1980,19,11,800000,8000,80,82,73,79,86,34,64,0,0,0
336,Mateusz,Grudziński,1983,19,12,490000,4900,49,53,8,44,91,63,50,0,0,0
337,Cyprian,Dec,1985,19,13,490000,4900,49,84,56,6,50,65,78,0,0,0
338,Piotr,Jurek,1992,19,14,290000,2900,29,41,7,7,63,77,71,0,0,0
339,Przemysław,Sawicki,1987,19,15,660000,6600,66,89,95,67,14,62,76,0,0,0
340,Arkadiusz,Czechowski,1993,19,16,590000,5900,59,49,71,42,77,84,57,0,0,0
341,Jacek,Cieślik,1988,19,17,600000,6000,60,97,33,14,99,37,76,0,0,0
342,Ryszard,Grzesiak,1983,20,1,510000,5100,51,13,89,28,75,39,78,0,0,0
343,Tomasz,Jabłoński,1983,20,2,410000,4100,41,65,71,2,28,54,58,0,0,0
344,Albert,Grzegorczyk,1990,20,3,430000,4300,43,34,63,17,60,43,70,0,0,0
345,Daniel,Sławiński,1987,20,4,730000,7300,73,30,90,83,90,49,47,0,0,0
346,Maciej,Wróblewski,1984,20,5,600000,6000,60,50,74,55,62,82,68,0,0,0
347,Eryk,Skorupa,1986,20,6,680000,6800,68,46,70,91,67,88,82,0,0,0
348,Cyprian,Kurzawa,1990,20,7,450000,4500,45,2,53,67,59,62,53,0,0,0
349,Hubert,Musiał,1986,20,8,550000,5500,55,36,75,39,72,70,57,0,0,0
350,Dawid,Majcher,1988,20,9,510000,5100,51,5,72,75,53,49,56,0,0,0
351,Eryk,Rzepecki,1981,20,10,750000,7500,75,52,63,92,95,74,81,0,0,0
352,Michał,Milewski,1987,20,11,460000,4600,46,57,91,21,17,44,46,0,0,0
353,Erwin,Wieczorek,1980,20,12,300000,3000,30,1,74,2,46,56,57,0,0,0
354,Henryk,Cygan,1992,20,13,440000,4400,44,86,49,20,23,48,77,0,0,0
355,Euzebiusz,Szymaniak,1996,20,14,350000,3500,35,44,40,2,54,32,36,0,0,0
356,Adrian,Piech,1990,20,15,530000,5300,53,30,88,47,48,45,54,0,0,0
357,Jakub,Jagielski,1980,20,16,200000,2000,20,6,6,20,48,65,66,0,0,0
358,Artur,Stefański,1981,20,17,400000,4000,40,23,35,60,42,81,53,0,0,0
359,Ferdynand,Stępniewski,1988,20,18,520000,5200,52,1,47,70,91,56,76,0,0,0
360,Stanisław,Bobrowski,1984,20,19,420000,4200,42,28,39,23,79,77,32,0,0,0
361,Robert,Grzelak,1993,21,1,730000,7300,73,77,96,81,40,56,43,0,0,0
362,Adrian,Socha,1985,21,2,250000,2500,25,2,88,3,9,39,56,0,0,0
363,Tadeusz,Krasowski,1993,21,3,370000,3700,37,30,15,62,41,68,61,0,0,0
364,Hubert,Studziński,1987,21,4,600000,6000,60,86,43,55,56,67,66,0,0,0
365,Łukasz,Matczuk,1994,21,5,450000,4500,45,71,60,3,48,83,68,0,0,0
366,Janusz,Suchecki,1983,21,6,350000,3500,35,22,19,23,78,84,51,0,0,0
367,Dawid,Lesiak,1981,21,7,290000,2900,29,18,36,33,29,31,66,0,0,0
368,Robert,Drozd,1986,21,8,470000,4700,47,76,46,26,42,59,66,0,0,0
369,Łukasz,Dusza,1993,21,9,700000,7000,70,78,82,26,97,86,78,0,0,0
370,Franciszek,Domagalski,1990,21,10,250000,2500,25,21,8,52,19,49,38,0,0,0
371,Kajetan,Kowalczuk,1983,21,11,480000,4800,48,53,43,57,41,70,73,0,0,0
372,Eugeniusz,Raczkowski,1986,21,12,750000,7500,75,92,80,69,62,42,74,0,0,0
373,Konrad,Kucharczyk,1991,21,13,490000,4900,49,85,21,41,52,86,82,0,0,0
374,Zbigniew,Mroczkowski,1981,21,14,410000,4100,41,83,57,13,12,84,35,0,0,0
375,Ireneusz,Bielawski,1992,21,15,320000,3200,32,25,37,15,52,70,44,0,0,0
376,Jakub,Koza,1985,21,16,790000,7900,79,95,58,87,77,68,82,0,0,0
377,Józef,Pawlak,1983,21,17,490000,4900,49,79,2,48,70,56,35,0,0,0
378,Mariusz,Kuczyński,1982,22,1,630000,6300,63,25,80,89,60,43,38,0,0,0
379,Zygmunt,Jaroszewski,1981,22,2,380000,3800,38,52,33,53,16,34,62,0,0,0
380,Kamil,Bagiński,1980,22,3,360000,3600,36,21,7,93,26,68,45,0,0,0
381,Tadeusz,Nowik,1980,22,4,440000,4400,44,27,55,92,5,82,43,0,0,0
382,Bartosz,Flak,1990,22,5,470000,4700,47,46,35,36,72,76,50,0,0,0
383,Rafał,Wrzesiński,1985,22,6,790000,7900,79,67,63,93,94,40,55,0,0,0
384,Apoloniusz,Kruszewski,1986,22,7,490000,4900,49,20,98,17,62,72,66,0,0,0
385,Bartłomiej,Roszak,1992,22,8,350000,3500,35,16,47,46,31,32,83,0,0,0
386,Wiesław,Bilski,1991,22,9,490000,4900,49,65,48,28,58,58,70,0,0,0
387,Władysław,Gliński,1996,22,10,330000,3300,33,11,33,37,51,88,55,0,0,0
388,Sebastian,Winiarski,1983,22,11,660000,6600,66,44,83,64,75,67,33,0,0,0
389,Maciej,Olejnik,1988,22,12,460000,4600,46,86,37,60,4,30,36,0,0,0
390,Piotr,Krakowiak,1996,22,13,430000,4300,43,12,61,51,49,70,59,0,0,0
391,Marcin,Żyła,1986,22,14,390000,3900,39,38,65,50,3,59,36,0,0,0
392,Mikołaj,Lech,1983,22,15,500000,5000,50,3,89,86,23,89,80,0,0,0
393,Czesław,Brodowski,1994,22,16,250000,2500,25,39,7,31,26,75,62,0,0,0
394,Jerzy,Ratajczak,1985,22,17,490000,4900,49,70,95,16,15,38,67,0,0,0
395,Mariusz,Goliński,1996,22,18,790000,7900,79,99,83,88,49,51,61,0,0,0
396,Tadeusz,Roman,1988,22,19,560000,5600,56,10,88,63,66,47,65,0,0,0
397,Marian,Gołębiowski,1995,22,20,510000,5100,51,9,12,89,94,62,76,0,0,0
398,Robert,Zielonka,1988,23,1,490000,4900,49,8,87,76,25,64,75,0,0,0
399,Szymon,Flak,1984,23,2,830000,8300,83,97,89,71,78,52,32,0,0,0
400,Adrian,Kołodziejczak,1993,23,3,480000,4800,48,69,4,66,56,60,84,0,0,0
401,Mikołaj,Mierzejewski,1981,23,4,130000,1300,13,8,5,29,11,71,52,0,0,0
402,Adam,Staszak,1994,23,5,690000,6900,69,76,84,31,86,76,36,0,0,0
403,Grzegorz,Pietras,1985,23,6,530000,5300,53,22,31,75,85,85,40,0,0,0
404,Wojciech,Chmura,1996,23,7,640000,6400,64,86,52,37,84,63,30,0,0,0
405,Mariusz,Staniszewski,1982,23,8,590000,5900,59,96,86,21,34,76,63,0,0,0
406,Damian,Grzybek,1989,23,9,530000,5300,53,51,82,26,55,42,80,0,0,0
407,Leszek,Kulik,1984,23,10,200000,2000,20,36,22,13,12,39,65,0,0,0
408,Jakub,Czuba,1985,23,11,500000,5000,50,48,92,29,31,42,88,0,0,0
409,Wojciech,Kołodziejczak,1993,23,12,430000,4300,43,13,88,52,19,69,70,0,0,0
410,Marian,Krzyżanowski,1984,23,13,450000,4500,45,69,31,31,52,45,35,0,0,0
411,Piotr,Jasiński,1990,23,14,540000,5400,54,3,84,71,61,84,68,0,0,0
412,Erwin,Roman,1985,23,15,330000,3300,33,25,20,61,29,65,79,0,0,0
413,Andrzej,Kucharczyk,1989,23,16,480000,4800,48,74,17,55,46,59,72,0,0,0
414,Ferdynand,Rybarczyk,1993,23,17,690000,6900,69,98,96,65,20,64,85,0,0,0
415,Hubert,Wojtasik,1989,23,18,610000,6100,61,8,52,98,88,85,86,0,0,0
416,Filip,Konieczna,1984,23,19,560000,5600,56,67,40,72,48,57,78,0,0,0
417,Kamil,Żurek,1982,23,20,240000,2400,24,5,57,36,1,47,39,0,0,0
418,Sebastian,Jagiełło,1992,24,1,510000,5100,51,68,6,63,69,84,69,0,0,0
419,Eugeniusz,Zakrzewski,1995,24,2,570000,5700,57,59,86,24,61,37,35,0,0,0
420,Jerzy,Panek,1985,24,3,490000,4900,49,11,51,50,84,70,64,0,0,0
421,Rafał,Kania,1986,24,4,320000,3200,32,18,8,23,82,33,69,0,0,0
422,Czesław,Pawelec,1985,24,5,530000,5300,53,61,98,49,7,40,59,0,0,0
423,Szymon,Wilk,1982,24,6,500000,5000,50,89,43,44,27,62,69,0,0,0
424,Sebastian,Romański,1992,24,7,390000,3900,39,27,84,38,7,84,64,0,0,0
425,Eryk,Cygan,1995,24,8,710000,7100,71,71,77,80,58,55,58,0,0,0
426,Przemysław,Szwed,1991,24,9,300000,3000,30,84,4,33,1,87,75,0,0,0
427,Jakub,Tomczyk,1995,24,10,730000,7300,73,93,90,53,57,89,50,0,0,0
428,Tadeusz,Węgrzyn,1993,24,11,620000,6200,62,96,55,8,91,76,33,0,0,0
429,Łukasz,Dutkiewicz,1982,24,12,400000,4000,40,33,32,1,96,60,71,0,0,0
430,Zygmunt,Zaręba,1991,24,13,540000,5400,54,43,26,88,62,67,31,0,0,0
431,Michał,Kazimierczak,1983,24,14,430000,4300,43,37,14,77,47,71,60,0,0,0
432,Michał,Sroka,1985,24,15,510000,5100,51,58,93,26,27,54,77,0,0,0
433,Łukasz,Chmielewski,1989,24,16,770000,7700,77,89,96,41,84,64,31,0,0,0
434,Mariusz,Kula,1991,24,17,560000,5600,56,92,34,91,7,44,55,0,0,0
435,Stefan,Głowacki,1980,24,18,590000,5900,59,39,86,62,49,48,72,0,0,0
436,Hubert,Kozik,1980,24,19,380000,3800,38,43,16,85,10,31,61,0,0,0
437,Jan,Słowik,1986,24,20,660000,6600,66,81,53,56,74,79,43,0,0,0
438,Stefan,Ryś,1987,25,1,600000,6000,60,39,51,69,82,55,41,0,0,0
439,Piotr,Gajda,1984,25,2,670000,6700,67,94,41,66,70,57,39,0,0,0
440,Zdzisław,Goliński,1985,25,3,580000,5800,58,81,82,31,39,67,57,0,0,0
441,Aleksander,Bąk,1991,25,4,390000,3900,39,48,64,4,40,68,63,0,0,0
442,Dominik,Zięba,1995,25,5,580000,5800,58,35,60,74,66,51,79,0,0,0
443,Eugeniusz,Lipski,1986,25,6,320000,3200,32,73,11,7,40,75,65,0,0,0
444,Wiktor,Bednarski,1995,25,7,320000,3200,32,16,1,89,24,77,52,0,0,0
445,Kacper,Hajduk,1989,25,8,410000,4100,41,21,55,77,11,57,58,0,0,0
446,Emil,Osuch,1990,25,9,410000,4100,41,56,15,47,48,35,37,0,0,0
447,Arkadiusz,Jędrzejewski,1995,25,10,510000,5100,51,63,9,88,44,57,65,0,0,0
448,Marian,Borkowski,1996,25,11,320000,3200,32,1,12,82,36,39,35,0,0,0
449,Erwin,Brzozowski,1996,25,12,610000,6100,61,60,63,64,58,38,37,0,0,0
450,Zbigniew,Knap,1995,25,13,700000,7000,70,45,68,91,77,38,58,0,0,0
451,Jan,Ślusarczyk,1983,25,14,420000,4200,42,68,76,9,18,57,53,0,0,0
452,Kajetan,Grochowski,1988,25,15,590000,5900,59,80,20,99,39,42,30,0,0,0
453,Cyprian,Leśniewski,1991,25,16,500000,5000,50,29,5,93,75,58,35,0,0,0
454,Norbert,Filipiak,1986,25,17,400000,4000,40,7,24,96,35,84,47,0,0,0
455,Tomasz,Molenda,1985,25,18,420000,4200,42,86,42,17,26,34,84,0,0,0
456,Marcin,Duszyński,1982,25,19,580000,5800,58,90,6,47,89,66,69,0,0,0
457,Roman,Drozd,1994,26,1,610000,6100,61,25,93,29,99,58,46,0,0,0
458,Zygmunt,Kruczek,1980,26,2,500000,5000,50,55,46,29,70,58,67,0,0,0
459,Mikołaj,Jurczyk,1981,26,3,380000,3800,38,51,3,96,3,38,47,0,0,0
460,Wiesław,Solecki,1982,26,4,500000,5000,50,92,17,63,31,62,75,0,0,0
461,Janusz,Perkowski,1991,26,5,680000,6800,68,4,87,93,89,46,68,0,0,0
462,Tomasz,Bieliński,1992,26,6,620000,6200,62,88,21,58,84,42,47,0,0,0
463,Łukasz,Janowski,1982,26,7,710000,7100,71,86,22,79,99,34,71,0,0,0
464,Bogdan,Błaszczyk,1984,26,8,510000,5100,51,38,24,91,53,44,79,0,0,0
465,Zbigniew,Paradowski,1987,26,9,450000,4500,45,14,62,75,31,38,35,0,0,0
466,Leszek,Barszcz,1990,26,10,480000,4800,48,55,8,95,34,73,45,0,0,0
467,Marek,Murawski,1987,26,11,490000,4900,49,86,5,80,25,74,42,0,0,0
468,Ignacy,Łukaszewski,1993,26,12,710000,7100,71,80,36,96,75,82,64,0,0,0
469,Stefan,Kuc,1991,26,13,430000,4300,43,38,55,9,70,54,32,0,0,0
470,Artur,Mroczkowski,1996,26,14,380000,3800,38,31,5,51,66,84,68,0,0,0
471,Ignacy,Ciesielski,1990,26,15,730000,7300,73,64,88,87,55,85,67,0,0,0
472,Erwin,Słowik,1991,26,16,500000,5000,50,63,80,21,39,59,46,0,0,0
473,Łukasz,Górny,1980,26,17,480000,4800,48,36,16,64,76,39,39,0,0,0
474,Dariusz,Bogusz,1987,27,1,300000,3000,30,30,15,44,32,51,75,0,0,0
475,Zbigniew,Gadomski,1989,27,2,670000,6700,67,80,83,62,46,56,67,0,0,0
476,Grzegorz,Kurzawa,1993,27,3,620000,6200,62,77,92,56,24,34,70,0,0,0
477,Maciej,Baranowski,1996,27,4,810000,8100,81,95,87,73,71,49,81,0,0,0
478,Cezary,Zagórski,1990,27,5,360000,3600,36,24,31,44,46,54,47,0,0,0
479,Olaf,Smoliński,1986,27,6,500000,5000,50,41,89,72,1,54,70,0,0,0
480,Hubert,Kubiak,1982,27,7,450000,4500,45,91,7,8,77,72,49,0,0,0
481,Roman,Antczak,1985,27,8,550000,5500,55,84,10,51,77,48,57,0,0,0
482,Zygmunt,Cybulski,1982,27,9,360000,3600,36,34,32,52,27,61,47,0,0,0
483,Erwin,Filipowicz,1982,27,10,420000,4200,42,24,95,47,5,50,82,0,0,0
484,Olaf,Grodzki,1995,27,11,430000,4300,43,56,47,60,12,69,53,0,0,0
485,Wojciech,Ślęzak,1991,27,12,590000,5900,59,89,64,59,26,30,47,0,0,0
486,Kamil,Baran,1982,27,13,640000,6400,64,63,64,54,78,59,61,0,0,0
487,Damian,Michałowski,1981,27,14,750000,7500,75,85,79,75,63,33,33,0,0,0
488,Krzysztof,Krupa,1991,27,15,390000,3900,39,56,23,66,13,48,69,0,0,0
489,Maciej,Kolasa,1989,27,16,650000,6500,65,54,97,94,18,61,48,0,0,0
490,Piotr,Bolesta,1990,27,17,550000,5500,55,37,78,97,8,84,35,0,0,0
491,Filip,Chmielewski,1981,27,18,570000,5700,57,93,26,58,54,71,64,0,0,0
492,Marian,Wrzesiński,1993,28,1,540000,5400,54,47,51,33,87,40,37,0,0,0
493,Zbigniew,Piasecki,1990,28,2,380000,3800,38,12,68,27,45,83,89,0,0,0
494,Janusz,Franczak,1991,28,3,510000,5100,51,68,49,32,57,77,42,0,0,0
495,Łukasz,Piotrowicz,1981,28,4,400000,4000,40,96,1,28,38,62,63,0,0,0
496,Kajetan,Janczak,1989,28,5,550000,5500,55,28,49,61,85,36,45,0,0,0
497,Kajetan,Gawron,1987,28,6,560000,5600,56,81,48,38,59,35,59,0,0,0
498,Waldemar,Wróblewski,1988,28,7,550000,5500,55,49,89,71,12,47,59,0,0,0
499,Adam,Adamiec,1991,28,8,470000,4700,47,31,74,14,70,86,66,0,0,0
500,Jacek,Dzikowski,1992,28,9,330000,3300,33,5,83,39,6,34,65,0,0,0
501,Robert,Skrzypek,1983,28,10,700000,7000,70,74,38,91,78,57,64,0,0,0
502,Arkadiusz,Antoniak,1986,28,11,330000,3300,33,85,16,20,11,80,35,0,0,0
503,Maciej,Florek,1988,28,12,420000,4200,42,29,11,53,77,40,84,0,0,0
504,Robert,Śliwiński,1982,28,13,360000,3600,36,9,43,82,13,49,61,0,0,0
505,Euzebiusz,Guzik,1990,28,14,520000,5200,52,74,52,28,56,66,85,0,0,0
506,Dariusz,Mielcarek,1980,28,15,670000,6700,67,51,93,98,29,57,82,0,0,0
507,Bartłomiej,Lorenc,1991,28,16,460000,4600,46,66,96,21,1,89,65,0,0,0
508,Jan,Adamczyk,1989,28,17,690000,6900,69,56,72,83,68,78,65,0,0,0
509,Jerzy,Szymanowski,1991,28,18,500000,5000,50,20,73,49,60,63,66,0,0,0
510,Tadeusz,Jakubowski,1995,28,19,710000,7100,71,15,80,97,95,31,79,0,0,0
511,Stefan,Pająk,1984,29,1,590000,5900,59,43,73,53,68,36,66,0,0,0
512,Franciszek,Pawłowski,1994,29,2,380000,3800,38,19,83,13,40,79,65,0,0,0
513,Damian,Werner,1993,29,3,310000,3100,31,18,7,41,60,37,72,0,0,0
514,Mateusz,Jezierski,1983,29,4,480000,4800,48,61,61,71,1,79,40,0,0,0
515,Eugeniusz,Bartkowiak,1982,29,5,540000,5400,54,15,51,62,88,45,84,0,0,0
516,Radosław,Radecki,1987,29,6,720000,7200,72,80,75,97,39,75,36,0,0,0
517,Andrzej,Piotrowicz,1989,29,7,780000,7800,78,88,83,62,81,31,78,0,0,0
518,Ireneusz,Rudnik,1980,29,8,320000,3200,32,14,18,1,95,36,77,0,0,0
519,Jerzy,Białkowski,1986,29,9,440000,4400,44,16,29,81,51,80,54,0,0,0
520,Erwin,Szuba,1989,29,10,470000,4700,47,23,23,85,60,87,39,0,0,0
521,Maciej,Kowalewski,1983,29,11,540000,5400,54,51,34,49,82,58,61,0,0,0
522,Sylwester,Orzechowski,1988,29,12,530000,5300,53,45,84,64,19,84,72,0,0,0
523,Norbert,Twardowski,1986,29,13,580000,5800,58,76,37,99,21,62,40,0,0,0
524,Emil,Dziura,1988,29,14,440000,4400,44,19,53,22,84,51,71,0,0,0
525,Leszek,Wrzosek,1992,29,15,580000,5800,58,91,33,81,29,69,42,0,0,0
526,Tadeusz,Stępień,1980,29,16,350000,3500,35,90,4,31,16,84,33,0,0,0
527,Radosław,Szcześniak,1980,29,17,400000,4000,40,21,30,79,32,64,47,0,0,0
528,Adrian,Piłat,1981,29,18,580000,5800,58,31,60,49,94,66,87,0,0,0
529,Zygmunt,Sobczyk,1989,30,1,630000,6300,63,57,47,72,79,49,73,0,0,0
530,Cyprian,Karwowski,1982,30,2,250000,2500,25,20,3,62,16,34,61,0,0,0
531,Mateusz,Knapik,1991,30,3,690000,6900,69,92,60,76,51,46,88,0,0,0
532,Artur,Milczarek,1983,30,4,560000,5600,56,52,96,43,36,40,37,0,0,0
533,Kajetan,Frączek,1986,30,5,440000,4400,44,32,42,98,7,38,43,0,0,0
534,Cezary,Stec,1990,30,6,530000,5300,53,48,16,53,96,47,44,0,0,0
535,Eugeniusz,Błaszczyk,1983,30,7,450000,4500,45,80,6,20,74,71,74,0,0,0
536,Kajetan,Pawlak,1986,30,8,720000,7200,72,71,84,86,50,69,82,0,0,0
537,Bogdan,Kapuściński,1996,30,9,630000,6300,63,68,85,46,54,51,57,0,0,0
538,Franciszek,Osiński,1987,30,10,520000,5200,52,69,55,67,20,33,36,0,0,0
539,Władysław,Pytel,1982,30,11,430000,4300,43,17,58,73,24,63,59,0,0,0
540,Stefan,Kubik,1996,30,12,720000,7200,72,78,97,50,66,79,87,0,0,0
541,Eryk,Nowicki,1983,30,13,610000,6100,61,73,27,70,74,54,33,0,0,0
542,Filip,Stępniak,1981,30,14,690000,6900,69,71,51,78,76,63,87,0,0,0
543,Paweł,Zielonka,1992,30,15,470000,4700,47,22,44,30,95,71,84,0,0,0
544,Józef,Matuszak,1991,30,16,590000,5900,59,92,3,73,71,84,56,0,0,0
545,Tomasz,Gawroński,1987,30,17,430000,4300,43,44,42,18,68,84,74,0,0,0
546,Igor,Czerwiński,1995,30,18,290000,2900,29,19,3,42,55,85,80,0,0,0
547,Damian,Biliński,1982,30,19,760000,7600,76,90,77,57,80,45,81,0,0,0
548,Igor,Kosiński,1993,31,1,570000,5700,57,37,99,59,34,81,50,0,0,0
549,Kamil,Jankowski,1989,31,2,550000,5500,55,57,54,53,57,63,63,0,0,0
550,Zbigniew,Jaśkiewicz,1989,31,3,400000,4000,40,24,38,10,89,60,81,0,0,0
551,Erwin,Żak,1987,31,4,500000,5000,50,86,64,17,33,46,60,0,0,0
552,Władysław,Banaszek,1982,31,5,350000,3500,35,35,84,16,8,31,68,0,0,0
553,Eryk,Oleksy,1988,31,6,300000,3000,30,64,34,21,2,80,87,0,0,0
554,Ferdynand,Dubiel,1980,31,7,590000,5900,59,70,47,48,74,34,82,0,0,0
555,Tomasz,Pawlak,1991,31,8,230000,2300,23,40,25,26,2,67,62,0,0,0
556,Jacek,Olczyk,1987,31,9,330000,3300,33,37,17,35,45,67,83,0,0,0
557,Franciszek,Olejnik,1991,31,10,520000,5200,52,24,85,80,21,30,36,0,0,0
558,Kacper,Grochowski,1989,31,11,580000,5800,58,66,61,77,29,40,52,0,0,0
559,Zygmunt,Tkacz,1986,31,12,560000,5600,56,26,63,71,67,65,42,0,0,0
560,Kacper,Woźniak,1996,31,13,580000,5800,58,67,25,84,59,54,56,0,0,0
561,Dariusz,Piech,1993,31,14,350000,3500,35,84,19,24,15,61,52,0,0,0
562,Zbigniew,Sitek,1980,31,15,680000,6800,68,69,9,99,96,57,74,0,0,0
563,Kamil,Bolesta,1996,31,16,580000,5800,58,94,57,25,59,72,33,0,0,0
564,Bartłomiej,Stefański,1996,31,17,320000,3200,32,71,7,20,32,33,60,0,0,0
565,Leszek,Domański,1991,31,18,170000,1700,17,15,11,12,33,71,80,0,0,0
566,Damian,Stanek,1994,31,19,400000,4000,40,1,71,79,10,34,49,0,0,0
567,Janusz,Jakubowski,1981,32,1,360000,3600,36,55,25,48,18,32,72,0,0,0
568,Ignacy,Grzybowski,1991,32,2,420000,4200,42,81,37,2,49,53,47,0,0,0
569,Andrzej,Kmieć,1996,32,3,690000,6900,69,87,61,87,42,53,84,0,0,0
570,Damian,Cichy,1981,32,4,670000,6700,67,21,62,99,87,81,77,0,0,0
571,Jacek,Baranowski,1995,32,5,420000,4200,42,22,96,8,42,86,56,0,0,0
572,Bogdan,Konieczna,1987,32,6,540000,5400,54,84,52,33,49,32,72,0,0,0
573,Henryk,Modzelewski,1991,32,7,440000,4400,44,22,14,85,57,89,85,0,0,0
574,Łukasz,Dzikowski,1990,32,8,590000,5900,59,69,94,51,24,34,51,0,0,0
575,Ignacy,Szczęsny,1986,32,9,610000,6100,61,89,46,67,44,46,30,0,0,0
576,Jerzy,Kasprzyk,1990,32,10,590000,5900,59,78,71,58,29,60,46,0,0,0
577,Bartosz,Furman,1995,32,11,450000,4500,45,6,64,97,16,79,76,0,0,0
578,Roman,Kuc,1987,32,12,740000,7400,74,93,61,45,97,36,41,0,0,0
579,Euzebiusz,Kuś,1982,32,13,860000,8600,86,99,78,86,84,36,68,0,0,0
580,Filip,Stec,1987,32,14,280000,2800,28,6,41,43,23,36,81,0,0,0
581,Janusz,Kamiński,1983,32,15,670000,6700,67,43,73,64,90,68,79,0,0,0
582,Krystian,Małecki,1992,32,16,480000,4800,48,15,80,61,38,89,32,0,0,0
583,Cezary,Czajka,1987,32,17,280000,2800,28,4,21,53,34,79,30,0,0,0
584,Euzebiusz,Rybak,1980,32,18,450000,4500,45,2,70,50,58,61,76,0,0,0
585,Zygmunt,Świderski,1992,32,19,190000,1900,19,48,10,15,5,47,64,0,0,0
586,Waldemar,Figiel,1980,32,20,580000,5800,58,85,68,42,39,34,89,0,0,0
587,Jan,Kozik,1982,-1,0,570000,5700,57,67,9,91,63,65,83,0,0,0
588,Radosław,Małkowski,1994,-1,0,480000,4800,48,24,56,29,83,53,36,0,0,0
589,Euzebiusz,Piłat,1980,-1,0,780000,7800,78,28,98,91,96,55,68,0,0,0
590,Zygmunt,Kucharczyk,1981,-1,0,600000,6000,60,63,63,63,51,38,36,0,0,0
591,Mariusz,Kaczmarski,1993,-1,0,600000,6000,60,82,84,50,25,46,75,0,0,0
592,Piotr,Piłat,1990,-1,0,330000,3300,33,73,2,30,30,35,53,0,0,0
593,Zbigniew,Drozdowski,1987,-1,0,460000,4600,46,21,71,65,27,68,38,0,0,0
594,Stanisław,Ćwikliński,1995,-1,0,380000,3800,38,20,72,42,18,41,33,0,0,0
595,Filip,Kuźma,1994,-1,0,360000,3600,36,53,4,71,17,43,75,0,0,0
596,Adrian,Hoffmann,1987,-1,0,460000,4600,46,76,33,54,24,62,89,0,0,0
597,Michał,Kruszewski,1990,-1,0,310000,3100,31,13,56,21,36,54,38,0,0,0
598,Stanisław,Małkowski,1996,-1,0,450000,4500,45,21,55,82,23,88,67,0,0,0
599,Leszek,Kruk,1982,-1,0,530000,5300,53,72,5,49,89,44,52,0,0,0
600,Olaf,Bochenek,1993,-1,0,490000,4900,49,38,96,19,43,60,75,0,0,0
601,Janusz,Florek,1995,-1,0,490000,4900,49,62,18,62,57,49,71,0,0,0
602,Ryszard,Stec,1992,-1,0,600000,6000,60,61,53,36,91,69,36,0,0,0
603,Sylwester,Woźnica,1986,-1,0,370000,3700,37,12,24,32,83,68,50,0,0,0
604,Filip,Kurek,1989,-1,0,410000,4100,41,76,77,4,8,76,76,0,0,0
605,Olaf,Woźnica,1984,-1,0,540000,5400,54,50,15,72,80,35,55,0,0,0
606,Mateusz,Budziński,1989,-1,0,320000,3200,32,46,46,31,8,64,63,0,0,0
607,Grzegorz,Kaniewski,1996,-1,0,540000,5400,54,59,79,53,28,44,81,0,0,0
608,Bartłomiej,Białek,1980,-1,0,630000,6300,63,68,54,75,58,42,72,0,0,0
609,Stefan,Kempa,1993,-1,0,500000,5000,50,67,31,15,89,40,63,0,0,0
610,Roman,Śmigielski,1980,-1,0,400000,4000,40,26,68,20,48,73,56,0,0,0
611,Ryszard,Cichy,1982,-1,0,680000,6800,68,73,22,90,87,71,32,0,0,0
612,Ignacy,Zakrzewski,1989,-1,0,620000,6200,62,78,88,25,60,43,43,0,0,0
613,Przemysław,Pogorzelski,1980,-1,0,770000,7700,77,81,70,62,97,58,52,0,0,0
614,Stanisław,Szulc,1986,-1,0,540000,5400,54,84,21,82,31,75,36,0,0,0
615,Krystian,Cieśla,1982,-1,0,610000,6100,61,90,80,62,12,60,41,0,0,0
616,Adam,Banaszek,1996,-1,0,710000,7100,71,77,66,46,97,73,31,0,0,0
617,Jacek,Adamczak,1986,-1,0,640000,6400,64,54,76,75,53,31,80,0,0,0
618,Michał,Marczak,1993,-1,0,360000,3600,36,72,47,12,14,33,36,0,0,0
619,Arkadiusz,Szerszeń,1995,-1,0,430000,4300,43,40,70,20,42,87,56,0,0,0
620,Ignacy,Bochenek,1983,-1,0,750000,7500,75,90,86,48,79,83,75,0,0,0
621,Norbert,Adamski,1985,-1,0,570000,5700,57,39,38,76,78,56,87,0,0,0
622,Jakub,Janczak,1989,-1,0,610000,6100,61,87,63,61,34,83,82,0,0,0
623,Bogdan,Banach,1985,-1,0,350000,3500,35,21,12,79,31,38,87,0,0,0
624,Mariusz,Skalski,1991,-1,0,540000,5400,54,29,93,58,36,56,32,0,0,0
625,Radosław,Raczkowski,1987,-1,0,310000,3100,31,13,62,27,24,89,70,0,0,0
626,Tadeusz,Łoś,1987,-1,0,680000,6800,68,59,57,97,60,68,81,0,0,0
627,Janusz,Lewandowski,1995,-1,0,420000,4200,42,55,9,24,80,38,70,0,0,0
628,Eugeniusz,Dąbrowski,1985,-1,0,550000,5500,55,97,51,19,56,64,41,0,0,0
629,Ireneusz,Banach,1986,-1,0,310000,3100,31,4,96,14,12,55,68,0,0,0
630,Kamil,Bieńkowski,1983,-1,0,600000,6000,60,70,69,29,72,83,87,0,0,0
631,Cezary,Gawron,1990,-1,0,400000,4000,40,23,32,48,59,87,80,0,0,0
632,Franciszek,Wach,1996,-1,0,510000,5100,51,26,3,99,78,41,67,0,0,0
633,Janusz,Krawiec,1988,-1,0,610000,6100,61,75,44,66,60,46,34,0,0,0
634,Józef,Moskal,1987,-1,0,290000,2900,29,6,26,61,23,54,51,0,0,0
635,Krzysztof,Fijałkowski,1991,-1,0,410000,4100,41,92,44,1,29,76,60,0,0,0
636,Mariusz,Iwański,1980,-1,0,570000,5700,57,21,91,51,67,45,58,0,0,0
637,Jacek,Kos,1993,-1,0,510000,5100,51,95,63,5,41,36,51,0,0,0
638,Igor,Jakubowicz,1990,-1,0,410000,4100,41,38,3,62,63,43,89,0,0,0
639,Wiesław,Małek,1996,-1,0,450000,4500,45,52,47,66,15,87,30,0,0,0
640,Aleksander,Jagiełło,1991,-1,0,610000,6100,61,94,39,99,15,78,30,0,0,0
641,Łukasz,Nowaczyk,1989,-1,0,530000,5300,53,66,51,33,64,83,60,0,0,0
642,Szymon,Herman,1984,-1,0,540000,5400,54,42,57,69,51,75,73,0,0,0
643,Józef,Walczak,1995,-1,0,410000,4100,41,12,81,67,4,51,80,0,0,0
644,Norbert,Kucharski,1995,-1,0,420000,4200,42,64,23,22,61,32,66,0,0,0
645,Jan,Grzyb,1980,-1,0,560000,5600,56,65,87,58,16,46,71,0,0,0
646,Radosław,Olszak,1991,-1,0,580000,5800,58,97,43,64,28,70,84,0,0,0
647,Apoloniusz,Kwiatek,1993,-1,0,540000,5400,54,88,63,15,50,87,56,0,0,0
648,Marcin,Goliński,1980,-1,0,370000,3700,37,4,81,53,10,33,59,0,0,0
649,Norbert,Studziński,1980,-1,0,700000,7000,70,35,95,53,98,46,74,0,0,0
650,Błażej,Rogalski,1980,-1,0,370000,3700,37,26,37,56,31,61,63,0,0,0
651,Roman,Michałowski,1990,-1,0,520000,5200,52,87,16,92,15,62,33,0,0,0
652,Mateusz,Rudnik,1993,-1,0,390000,3900,39,17,88,37,14,64,80,0,0,0
653,Szymon,Rusek,1988,-1,0,480000,4800,48,27,89,36,41,51,44,0,0,0
654,Jacek,Kędziora,1994,-1,0,610000,6100,61,47,72,28,97,47,59,0,0,0
655,Szymon,Surma,1991,-1,0,300000,3000,30,11,20,41,48,49,62,0,0,0
656,Wiesław,Zajączkowski,1994,-1,0,570000,5700,57,65,12,80,72,56,77,0,0,0
657,Aleksander,Malicki,1991,-1,0,550000,5500,55,27,46,79,69,73,41,0,0,0
658,Damian,Fijałkowski,1980,-1,0,550000,5500,55,54,20,59,87,46,74,0,0,0
659,Cyprian,Siwiec,1989,-1,0,570000,5700,57,12,78,57,82,59,53,0,0,0
660,Ireneusz,Skorupa,1984,-1,0,390000,3900,39,6,74,28,49,85,75,0,0,0
661,Sebastian,Niedziela,1986,-1,0,490000,4900,49,87,42,47,22,47,38,0,0,0
662,Kamil,Konarski,1993,-1,0,470000,4700,47,24,77,84,6,63,70,0,0,0
663,Emil,Witczak,1992,-1,0,480000,4800,48,10,44,97,41,46,87,0,0,0
664,Władysław,Dobosz,1987,-1,0,470000,4700,47,74,5,27,83,32,70,0,0,0
665,Hubert,Jarosz,1985,-1,0,470000,4700,47,7,89,50,43,48,36,0,0,0
666,Marcin,Dymek,1996,-1,0,540000,5400,54,40,99,19,59,44,89,0,0,0
667,Adrian,Roszkowski,1982,-1,0,380000,3800,38,40,47,14,51,46,38,0,0,0
668,Olaf,Sławiński,1985,-1,0,450000,4500,45,51,40,72,18,71,45,0,0,0
669,Franciszek,Figura,1980,-1,0,470000,4700,47,24,67,14,86,77,36,0,0,0
670,Zbigniew,Markiewicz,1982,-1,0,360000,3600,36,25,15,80,27,79,49,0,0,0
671,Kajetan,Zaręba,1994,-1,0,430000,4300,43,20,56,62,37,73,61,0,0,0
672,Radosław,Bukowski,1993,-1,0,430000,4300,43,27,23,31,92,45,33,0,0,0
